"skos:prefLabel@en"," skos:definition@en","dcterms:source
  part 1 ","dcterms:source
  part 2","skos:prefeLabel@it
","skos:definition@it
","skos:hasTopConcept"
"AI application
","a system, tool or service that uses artificial intelligence (AI) techniques to automate or enhance specific tasks to deliver an intended result","letters","ISO/IEC 5339:2024(en) [adapted]","applicazione dell'IA","un sistema, uno strumento o un servizio che utilizza tecniche di intelligenza artificiale (AI) per automatizzare o migliorare compiti specifici allo scopo di fornire il risultato atteso","Information Science and Data Management "
"alphanumeric","a character set represented by numerals and letters","letters","https://iate.europa.eu/search/result/1745487009001/1 [exact]","alfanumerico","un set di caratteri rappresentato da numeri e lettere","Information Science and Data Management "
"alphanumeric inventory code
","a unique, human-readable, non-semantic identifier assigned to an object","letters","https://qodenext.com/blog/stock-keeping-unit/ [exact] ","codice alfanumerico dell'inventario","un identificatore univoco, non semantico e leggibile dall'uomo, assegnato a un oggetto","Information Science and Data Management "
"ancient painting","an artistic practice of applying pigment to surfaces, such as walls, pottery, wood, and stone, originating from the earliest periods of human history (40,000 BCE - 600 CE)","website","https://en.wikipedia.org/wiki/Ancient_art  [adapted]","pittura antica","una pratica artistica di applicazione di pigmenti su superfici, come pareti, ceramiche, legno e pietra, risalente ai primi periodi della storia umana (40.000 a.C. - 600 d.C.)","Information Science and Data Management "
"archaeology","a multifaceted field concerned mainly with the recovery and interpretation of the material remains of the human past, and the environmental contexts in which those remains were originally deposited","website","Encyclopedia of Archaeology (Second Edition), Volume 1, 2024","archeologia","un complesso campo di studi che ha riguardato principalmente il recupero e l'interpretazione dei resti materiali del passato umano e dei contesti ambientali in cui quei resti sono stati originariamente depositati","Cultural Heritage"
"archive","a physical repository comprising all documents on any type of medium, produced and received by a public or private body and sorted, inventorised, organised and stored with a view to possible future use","manual addition","Herein System Terminology [exact]","archivio","un repository fisico comprendente tutti i documenti su qualsiasi tipo di supporto, prodotti e ricevuti da un ente pubblico o privato e ordinati, inventorizzati, organizzati e archiviati in vista di un possibile utilizzo futuro","Information Science and Data Management "
"artefact","a tangible object that has been created, modified, or used by human beings and is preserved for its historical, scientific, social or aesthetic value","website","based on AAT, ICOM and UNESCO","artefatto, manufatto","un oggetto tangibile che è stato creato, modificato o utilizzato dagli esseri umani e viene preservato per il suo valore storico, scientifico, sociale o estetico","Cultural Heritage"
"Artifical Intelligence (AI)","the ability of a computer, robot, programmed device, or software application to perform operations and tasks analogous to human learning and decision making","letters","https://www.dictionary.com/browse/AI [exact]","intelligenza artificiale","la capacità di un computer, robot, dispositivo programmato o applicazione software di eseguire operazioni e compiti analoghi all'apprendimento e al processo decisionale umano","Information Science and Data Management "
"born-digital record","a record that has been natively created in digital format (rather than digitised from a paper record)","consultation","https://www.nationalarchives.gov.uk/information-management/manage-information/digital-records-transfer/what-are-born-digital-records/","risorsa digitale nativa","un record che è stato creato nativamente in formato digitale (piuttosto che digitalizzato da un record cartaceo)","Information Science and Data Management "
"climate","synthesis of weather conditions in a given area, characterized by long-term statistics (mean values, variances, probabilities of extreme values, etc.) of the meteorological elements in that area","letters","https://iate.europa.eu/search/result/1743935807397/1  [exact]","clima","Sintesi delle condizioni generali del tempo in una data area, caratterizzata da statistiche a lungo termine (valori medi, varianza, probabilità di valori estremi, etc.) degli elementi meteorologici che la contraddistinguono","Other topics of interest"
"climate change risk        
","potential negative impacts from changes in Earth's climate, affecting human and natural systems","letters","https://climate.sustainability-directory.com/term/climate-change-risk/","rischio di cambiamento climatico","potenziali impatti negativi derivanti dai cambiamenti climatici della Terra, che interessano i sistemi umani e naturali","Cultural Heritage"
"cold data","data in computer storage that is rarely accessed","consultation","https://en.wikipedia.org/wiki/Cold_data","dati freddi","dati nella memoria del computer a cui si accede raramente","Information Science and Data Management "
"collection","an assemblage of specimens compiled and maintained for purposes of study and (or) display","letters","https://loterre.istex.fr/th63/en/page/?uri=http%3A%2F%2Fdata.loterre.fr%2Fark%3A%2F67375%2FFM8-KSK24QP5-F [exact] ","collezione, raccolta","un insieme di campioni compilati e mantenuti a scopo di studio e (o) visualizzazione","Information Science and Data Management "
"Common European Data Space","an interoperable framework developed by European Commission, based on common governance principles, standards, practices and enabling services, that enables trusted data transactions between participants ","website","https://dssc.eu/space/bv15e/766061351/Introduction+-+Key+Concepts+of+Data+Spaces#1.-What-Is-a-Data-Space?    see also https://digital-strategy.ec.europa.eu/en/policies/data-spaces","Spazio Comune Europeo dei Dati","un quadro interoperabile sviluppato dalla Commissione europea, basato su principi, standard, pratiche e servizi abilitanti di governance comuni, che consente transazioni di dati affidabili tra i partecipanti ","Other topics of interest"
"conservation","different types of actions required in the management of change aiming to prolong the life of a cultural heritage asset while  protecting its authenticity, historical and artistic integrity, without the loss of  meaning
","letters","Herein System Terminology (https://www.coe.int/en/web/herein-system/terminology)","
conservazione","diversi tipi di azioni richieste nella gestione del cambiamento volte a prolungare la vita di un bene del patrimonio culturale proteggendone l'autenticità, l'integrità storica e artistica, senza perdita di significato","Other topics of interest"
"controlled vocabulary","set of values that can be used either to constrain the set of permissible values or to provide suggestions for applicable values in a given context","consultation","https://vocabs.sshopencloud.eu/browse/sshocterm/en/page/controlled_vocabulary_11","","insieme di valori che possono essere utilizzati per vincolare l'insieme di valori consentiti o per fornire suggerimenti per i valori applicabili in un determinato contesto","Information Science and Data Management "
"cooperation","active help from a person, organization, etc., such as an orderly sharing of space or resources","letters","https://en.wiktionary.org/wiki/cooperation [exact]","cooperazione","un aiuto attivo da parte di una persona, un'organizzazione, ecc., come una condivisione ordinata di spazi o risorse","Other topics of interest"
"cultural heritage","a group of resources inherited from the past which people identify, independently of ownership, as a reflection and expression of their constantly evolving values, beliefs, knowledge and traditions","letters","Faro Convention, 2005 (https://www.coe.int/en/web/culture-and-heritage/faro-convention)","patrimonio culturale","un insieme di risorse ereditate dal passato che le persone identificano, indipendentemente dalla proprietà, come riflesso ed espressione dei loro valori, credenze, conoscenze e tradizioni in continua evoluzione","Cultural Heritage"
"cultural heritage cloud","a secure digital ecosystem (infrastructure) providing shared access to advance digital tools and data, enabling multidisciplinary collaboration between researchers and heritage professionals and the enhancement of cultural assets without the requirement for localised, high-cost IT infrastructure","website","https://research-and-innovation.ec.europa.eu/research-area/social-sciences-and-humanities/cultural-heritage-and-cultural-and-creative-industries-ccis/cultural-heritage-cloud_en  ","cultural heritage cloud","un ecosistema digitale sicuro (infrastruttura) che fornisce accesso condiviso a strumenti e dati digitali avanzati, consentendo la collaborazione multidisciplinare tra ricercatori e professionisti del patrimonio e la valorizzazione dei beni culturali senza la necessità di infrastrutture IT localizzate e ad alto costo","Other topics of interest"
"cultural heritage data","any raw fact, figures or symbol, stored in a structured or unstructured on representations of cultural objects, context, and practices, encompassing both tangible and intangible heritage, that support preservation, research and public engagement, and serve as the input to be processed and analysed to generate information for specific purposes","letters","https://www.getty.edu/vow/AATFullDisplay?find=data&logic=AND&note=&english=N&prev_page=1&subjectid=300312038 [adapted]","dati relativi al patrimonio culturale","qualsiasi fatto, figura o simbolo grezzo, memorizzato in modo strutturato o non strutturato su rappresentazioni di beni culturali, contesto e pratiche, che comprende sia il patrimonio tangibile che intangibile, che supporta la conservazione, la ricerca e l'impegno pubblico e funge da input da elaborare e analizzare per generare informazioni per scopi specifici","Information Science and Data Management "
"cultural heritage institution","organisation whose mission resides in safeguarding, protecting, conserving and disseminating the cultural heritage of a state","website","https://iate.europa.eu/search/result/1745954703618/1  [exact]","istituto di tutela del patrimonio culturale ","organizzazione la cui missione risiede nella salvaguardia, protezione, conservazione e diffusione del patrimonio culturale di uno Stato","Other topics of interest"
"culture","the arts, customs, lifestyles, background and habits that characterize humankind, or a particular society or nation","letters","https://en.wiktionary.org/wiki/culture [exact]","cultura","le arti, i costumi, gli stili di vita, il background e le abitudini che caratterizzano il genere umano, o una particolare società o nazione","Other topics of interest"
"data analysis","the process of inspecting, cleaning, transforming, and modeling data with the goal of highlighting useful information, suggesting conclusions, and supporting decision making.","consultation","https://vocabs.sshopencloud.eu/browse/sshocterm/en/page/data_analysis_18","analisi dei dati","il processo di ispezione, pulizia, trasformazione e modellazione dei dati con l'obiettivo di evidenziare informazioni utili, suggerire conclusioni e supportare il processo decisionale","Other topics of interest"
"data management plan","formal document that outlines how to handle research data both during your research and after the research project is completed.","consultation","https://vocabs.sshopencloud.eu/browse/sshocterm/en/page/data_management_plan_65","piano di gestione dei dati","documento formale che delinea come gestire i dati della ricerca sia durante la ricerca che dopo il completamento del progetto di ricerca.","Other topics of interest"
"data model","broader definition: a structured, standard-based framework designed to encode, organise, and describe data and its relationships within a digital infrastructure // In the context of CH, it can be defined as a conceptual framework designed to standardise and organise digital information about cultural heritage assets, activities, and the relationships between them","WP5.3 course","ECCCH_Report_FINAL.pdf","modello dati","definizione più ampia: un quadro strutturato e basato su standard progettato per codificare, organizzare e descrivere i dati e le loro relazioni all'interno di un'infrastruttura digitale// Nel contesto di CH, può essere definito come un quadro concettuale progettato per standardizzare e organizzare le informazioni digitali sui beni, le attività e le relazioni tra loro","Information Science and Data Management "
"data modeling","the process of creating a visual representation of either a whole information system or parts of it to communicate connections between data points and structures","consultation","https://vocabs.sshopencloud.eu/browse/sshocterm/en/page/data_modeling_71 [exact]","modellazione dei dati","il processo di creazione di una rappresentazione visiva di un intero sistema informativo o di parti di esso per comunicare connessioni tra punti dati e strutture","Information Science and Data Management "
"data processing","systematic performance of operations upon data","consultation","ISO/IEC 20944-1:2013(en)","processazione dei dati","esecuzione sistematica di operazioni sui dati","Information Science and Data Management "
"data repository","implementation of a collection of data along with data access and control mechanisms, such as search, indexing, storage, retrieval and security
","consultation","ISO 20691:2022(en)","data repository","implementazione di una raccolta di dati insieme a meccanismi di accesso e controllo dei dati, come ricerca, indicizzazione, archiviazione, recupero e sicurezza","Information Science and Data Management "
"Data Space   ","secure and standardised digital infrastructure that enables trusted data transactions among various stakeholders based on common protocols and formats supporting data sovereignty","website","https://iate.europa.eu/search/result/1745954703618/1 [exact]","Spazio di Dati","un'infrastruttura digitale sicura e standardizzata che consente transazioni di dati affidabili tra le varie parti interessate sulla base di protocolli e formati comuni a supporto della sovranità dei dati","Information Science and Data Management "
"Common European Data Space for Cultural Heritage","data space that has been designed to support the creation, sharing and reuse of cultural content within the cultural and and creative sectors","website","https://iate.europa.eu/search/result/1745954703618/1 [exact] see also https://www.dataspace-culturalheritage.eu/en","Spazio Comune Europeo dei Dati per il Patrimonio Culturale","spazio dati che è stato progettato per supportare la creazione, la condivisione e il riutilizzo di contenuti culturali all'interno dei settori culturali e creativi","Other topics of interest"
"database","collection of data organized according to a conceptual structure describing the characteristics of these data and the relationships among their corresponding entities, supporting one or more application areas
","letters, consultation","ISO/IEC 20944-1:2013(en)","database","raccolta di dati organizzati secondo una struttura concettuale che descrive le caratteristiche di questi dati e le relazioni tra le entità corrispondenti, supportando una o più aree di applicazione","Information Science and Data Management "
"dataset","a collection of data, published or curated by a single agent, and available for access or download in one or more formats.","consultation","https://vocabs.sshopencloud.eu/browse/sshocterm/en/page/data_set_113","dataset","una raccolta di dati, pubblicati o curati da un singolo agente, e disponibili per l'accesso o il download in uno o più formati.","Information Science and Data Management "
"digital archive","digital data repository dedicated to the long-term preservation of the associated data","letters","ISO 24622-1:2015(en) [slightly adapted]","archivio digitale","repository di dati digitali dedicato alla conservazione a lungo termine dei dati associati","Information Science and Data Management "
"digital commons","shared digital resources—such as software, knowledge, data, and cultural content—that are collectively produced and governed by a community and intended for public use","WP5.3 course","Digital commons - Wikipedia","beni digitali comuni","risorse digitali condivise, come software, conoscenze, dati e contenuti culturali, prodotte e governate collettivamente da una comunità e destinate all'uso pubblico","Information Science and Data Management "
"digital ecosystem","an open, adaptable, distributed and interoperable infrastructure that connects actors, activities, and cultural heritage objects through a user-friendly and unified graphical user interface designed to suit the needs of the fragmented CH communities
","website, WP5.3 course","ECCCH_Report_FINAL.pdf","ecosistema digitale","un'infrastruttura aperta, adattabile, distribuita e interoperabile che collega attori, attività e oggetti del patrimonio culturale attraverso un'interfaccia utente grafica intuitiva e unificata progettata per soddisfare le esigenze delle comunità CH frammentate","Information Science and Data Management "
"digital heritage","unique resources of human knowledge and expression created digitally, or converted into digital form from existing analogue resources","letters","https://vocabularies.unesco.org/browser/thesaurus/en/page/?uri=http%3A%2F%2Fvocabularies.unesco.org%2Fthesaurus%2Fconcept8030   [exact]","patrimonio digitale","risorse uniche di conoscenza ed espressione umana create digitalmente o convertite in formato digitale da risorse analogiche esistenti","Cultural Heritage"
"digital tool","a software application, system, or device that uses digital technology to perform a specific task or set of tasks for a specific purpose","consultation, letters","https://en.wikipedia.org/wiki/Technical_standard","strumento digitale","un'applicazione software, un sistema o un dispositivo che utilizza la tecnologia digitale per eseguire un compito specifico o un insieme di compiti per uno scopo specifico","Information Science and Data Management "
"digitization","the process of convertig information (e.g. objects, text, sound, images or audio) from an analogue format into an electronic digital code (bits and bytes) that can be read by computers or other electronic devices","letters","https://www.getty.edu/vow/AATFullDisplay?find=digitization&logic=AND&note=&english=N&prev_page=1&subjectid=300202383 [adapted]","digitalizzazione","il processo di conversione delle informazioni (ad es. oggetti, testo, suono, immagini o audio) da un formato analogico in un codice digitale elettronico (bit e byte) che può essere letto da computer o altri dispositivi elettronici","Information Science and Data Management "
"distributed database","database that is physically decentralized and handled by a database management system in a way that provides a logically centralized view of the database to the user","consultation","ISO/IEC 2382:2015(en) ","database distribuito","database che è fisicamente decentralizzato e gestito da un sistema di gestione del database in modo da fornire all'utente una vista logicamente centralizzata del database","Information Science and Data Management "
"documentary asset","a mobile item or collection composed of signs, codes, sounds, and/or images, which can be conserved on inert supports, reproduced, and transported","letters","https://whc.unesco.org/en/faq/232   [exact]","bene documentario","un oggetto mobile o una collezione composta da segni, codici, suoni e/o immagini, che possono essere conservati su supporti inerti, riprodotti e trasportati","Cultural Heritage"
"FAIR data","a framework for enhancing scientific data management by ensuring data is Findable, Accessible, Interoperable, and Reusable","WP5.3 course","Sielli, A., Avgousti, A., Hermon, S., Demetrescu, E., Kowalska, J., Pawlikowski, K., Axaridou, A., Cignoni, P., Andújar, C., Durco, M., Kritsotakis, E., Theodoridou, M., Tzortzakakis, E., & Pitikakis, M. (2025). ECHOES Data Strategy for the CH Knowledge Base (D6.1). Zenodo. https://doi.org/10.5281/zenodo.17751757","dati FAIR","un quadro per migliorare la gestione dei dati scientifici garantendo che i dati siano trovabili, accessibili, interoperabili e riutilizzabili","Information Science and Data Management "
"federated architecture","a decentralised system design in which multiple autonomous components or subsystems integrate into a cohesive whole while retaining their independence and data ownership","WP5.3 course","Sielli, A., Avgousti, A., Hermon, S., Demetrescu, E., Kowalska, J., Pawlikowski, K., Axaridou, A., Cignoni, P., Andújar, C., Durco, M., Kritsotakis, E., Theodoridou, M., Tzortzakakis, E., & Pitikakis, M. (2025). ECHOES Data Strategy for the CH Knowledge Base (D6.1). Zenodo. https://doi.org/10.5281/zenodo.17751757","struttura decentralizzata","un sistema decentralizzato in cui più componenti o sottosistemi autonomi si integrano in un insieme coeso pur mantenendo la loro indipendenza e proprietà dei dati","Information Science and Data Management "
"federated infrastructure","a distributed, decentralised information technology system designed to pool and share data and computing resources across multiple independent providers, allowing data to remain at its source while enabling secure access and processing through unified technical and semantic standards","WP5.3 course","ECCCH_Report_FINAL.pdf","infrastruttura federata","un sistema informatico distribuito e decentralizzato progettato per mettere in comune e condividere dati e risorse informatiche tra più fornitori indipendenti, consentendo ai dati di rimanere alla fonte consentendo al contempo l'accesso e l'elaborazione sicuri attraverso standard tecnici e semantici unificati","Information Science and Data Management "
"graph database","a database designed to store and manage data as a network of nodes (entities) and relationships (connections)","consultation","https://memgraph.com/docs/data-modeling/graph-data-model","database a grafo","un database progettato per archiviare e gestire i dati come una rete di nodi (entità) e relazioni (connessioni)","Information Science and Data Management "
"heritage digital twin","the state-of-the-art digital information about a real-world heritage asset, encompassing its tangible and intangible components","WP5.3 course","Sielli, A., Avgousti, A., Hermon, S., Demetrescu, E., Kowalska, J., Pawlikowski, K., Axaridou, A., Cignoni, P., Andújar, C., Durco, M., Kritsotakis, E., Theodoridou, M., Tzortzakakis, E., & Pitikakis, M. (2025). ECHOES Data Strategy for the CH Knowledge Base (D6.1). Zenodo. https://doi.org/10.5281/zenodo.17751757","gemello digitale del patrimonio","le informazioni digitali all'avanguardia su un bene del patrimonio del mondo reale, comprese le sue componenti tangibili e intangibili","Cultural Heritage"
"heritage professional","a professional having heritage-related skills acquired by formal, informal or professional training, preforming tasks within the cultural heritage cycle, i.e. preservation, studying, researching, documenting, dissemination, protection, and more, which may be carried out both within and outside the heritage field","website"," based on ESS-net Culture Report 2012 and the ECHOES Charter","professionista del patrimonio ","un professionista con competenze relative al patrimonio acquisite attraverso la formazione formale, informale o professionale, che svolge compiti all'interno del ciclo del patrimonio culturale, vale a dire conservazione, studio, ricerca, documentazione, diffusione, protezione e altro, che possono essere svolti sia all'interno che all'esterno dell'ambito del patrimonio","Cultural Heritage"
"horizontal application","software or application designed for a broad audience across various industries, offering general-purpose features","WP5.3 course","Differences Between Horizontal and Vertical Applications - New Space Economy","integrazione orizzontale","software o applicazione progettati per un vasto pubblico in vari settori, che offrono funzionalità generiche","Information Science and Data Management "
"hot data","data in the computer storage that is frequently accessed","consultation","https://en.wikipedia.org/wiki/Graph_database","dati caldi","dati nella memoria del computer a cui si accede frequentemente","Information Science and Data Management "
"interoperability","a multi-layered framework focused on enabling different systems, data, and actors to work together cohesively, primarily to make data FAIR.
","WP5.3 course","ECCCH_Report_FINAL.pdf","interoperabilità","un quadro multilivello incentrato sul consentire a diversi sistemi, dati e attori di lavorare insieme in modo coeso, principalmente per rendere i dati FAIR.","Information Science and Data Management "
"inventory code
","a short alphanumeric string that uniquely identifies a product or item in an inventory system maintained by a company, organisation or individual","letters","https://www.investopedia.com/terms/s/stock-keeping-unit-sku.asp [exact]","codice di inventario","una breve stringa alfanumerica che identifica in modo univoco un prodotto o un articolo in un sistema di inventario gestito da un'azienda, un'organizzazione o un individuo","Information Science and Data Management "
"knowledge graph","graph representation of structured knowledge on concepts and relationships between them","website","ISO/IEC 5392:2024(en)","grafo della conoscenza","rappresentazione grafica di conoscenze strutturate su concetti e relazioni tra loro","Information Science and Data Management "
"metadata","data that defines and describes other data","letters, consultation","ISO 55013:2024(en)","metadati","dati che definiscono e descrivono altri dati","Information Science and Data Management "
"monument","an object, especially large and made of stone, built to remember and show respect to a person or group of people, or a special place made for this purpose","letters","https://iate.europa.eu/entry/result/47705/en","monumento","un oggetto, particolarmente grande e fatto di pietra, costruito per ricordare e mostrare rispetto a una persona o un gruppo di persone, o un luogo speciale realizzato per questo scopo","Cultural Heritage"
"museology","the theory and practice of the organisation, administration, functions, and technical processes of museums, including documentation and collections management, as well as their history, philosophy, and purposes.","letters","http://data.loterre.fr/ark:/67375/JLC-KZFQ1TDC-M","museologia","la teoria e la pratica dell'organizzazione, dell'amministrazione, delle funzioni e dei processi tecnici dei musei, compresa la documentazione e la gestione delle collezioni, nonché la loro storia, filosofia e scopi","Cultural Heritage"
"Natural Heritage Asset","component of the natural environment that has aesthetic, historic, scientific or social significance or other special value for society","consultation","https://iate.europa.eu/entry/result/1173587/en-fr","bene del patrimonio naturale","componente dell'ambiente naturale che ha un significato estetico, storico, scientifico o sociale o altro valore speciale per la società","Cultural Heritage"
"NoSQL database","a class of non-relational database systems that use flexible data models, such as key–value, document, wide-column, or graph models, to store and retrieve data without requiring a fixed schema","consultation","https://en.wikipedia.org/wiki/NoSQL","NoSQL database","una classe di sistemi di database non relazionali che utilizzano modelli di dati flessibili, come modelli chiave-valore, documento, colonna larga o grafico, per archiviare e recuperare dati senza richiedere uno schema fisso","Information Science and Data Management "
"object-oriented database","a type of database in which information is represented in the form of objects, in contrast to relational databases which are table-oriented","consultation","https://en.wikipedia.org/wiki/Object_database","database object-oriented","un tipo di database in cui le informazioni sono rappresentate sotto forma di oggetti, a differenza dei database relazionali che sono orientati alle tabelle","Information Science and Data Management "
"ontology","a formal, explicit specification of a shared conceptualisation, defining concepts and their relationships in a way that machines can use for reasoning","consultation","https://www.iso.org/obp/ui/en/#iso:std:iso:25964:-2:ed-1:v1:en","ontologia","una specificazione formale ed esplicita di una concettualizzazione condivisa, che definisce i concetti e le loro relazioni in un modo che le macchine possono utilizzare per il ragionamento","Information Science and Data Management "
"open file format","a type of file format for storing digital data defined by an openly published specification usually maintained by a standards organization, and which can be used and implemented by anyone","consultation","https://en.wikipedia.org/wiki/Open_file_format","formato file aperto","un tipo di formato di file per la memorizzazione di dati digitali definito da una specifica apertamente pubblicata solitamente gestita da un'organizzazione di standard e che può essere utilizzato e implementato da chiunque","Information Science and Data Management "
"open science","the practice of science in such a way that others can collaborate and contribute, where research data, lab notes and other research processes are freely available, under terms that enable reuse, redistribution and reproduction of the research and its underlying data and methods","website","https://vocabs.sshopencloud.eu/browse/sshocterm/en/page/open_science_167 [exact]","scienza aperta","L’utilizzo della scienza in modo tale che altri possano collaborare e contribuire, dove i dati della ricerca, gli appunti di laboratorio e altri processi di ricerca sono liberamente disponibili, in termini che consentono il riutilizzo, la ridistribuzione e la riproduzione della ricerca e dei dati e metodi sottostanti","Other topics of interest"
"painting material","painting or drawing equipment that serves as a convey medium for colour","letters","https://www.wikidata.org/wiki/Q3300034 [exact]","materiale per pittura","attrezzatura per la verniciatura o il disegno che funge da mezzo di trasporto per il colore","Other topics of interest"
"photogrammetry","data acquisition technology used to create high-fidelity 3D digital representations of physical objects, buildings, or archaeological sites by processing sets of 2D images","website","ECCCH_Report_FINAL.pdf","fotogrammetria","tecnologia di acquisizione dati utilizzata per creare rappresentazioni digitali 3D ad alta fedeltà di oggetti fisici, edifici o siti archeologici elaborando set di immagini 2D","Cultural Heritage"
"preservation","the process of safeguarding cultural heritage, whether an object, a building, or an area, in the widest sense and by means of legal protection, rehabilitation, material conservation, security, presentation etc.","letters","Herein System Terminology ","preservazione","il processo di salvaguardia del patrimonio culturale, sia esso un oggetto, un edificio o un'area, nel senso più ampio e attraverso la protezione legale, la riabilitazione, la conservazione dei materiali, la sicurezza, la presentazione, ecc.","Cultural Heritage"
"primary dataset","data collected from a source, which has not been subject to any other manipulation by a software program or a human researcher, analyst or technician","consultation","https://www.wikidata.org/wiki/Q2110223","dataset primario","dati raccolti da una fonte, che non è stata oggetto di alcuna altra manipolazione da parte di un programma software o di un ricercatore, analista o tecnico umano","Cultural Heritage"
"proprietary format","a file format of a company, organization, or individual that contains data that is ordered and stored according to a particular encoding-scheme","consultation","https://en.wikipedia.org/wiki/Proprietary_file_format","formato proprietario","un formato di file di un'azienda, un'organizzazione o un individuo che contiene dati ordinati e archiviati in base a un particolare schema di codifica","Information Science and Data Management "
"relational database","a database that stores data in structured tables consisting of rows and columns, where relationships between data are defined through keys, enabling efficient querying, updating, and integrity constraints","consultation","https://en.wikipedia.org/wiki/Relational_database [adapted]","database relazionale","un database che memorizza i dati in tabelle strutturate costituite da righe e colonne, in cui le relazioni tra i dati sono definite tramite chiavi, consentendo query efficienti, aggiornamenti e vincoli di integrità","Information Science and Data Management "
"rendering","conversion of the geometry, coloring, texturing, lighting, and other characteristics of a scene into a display image
","consultation","ISO/IEC 2382:2015(en)","rendering","conversione della geometria, della colorazione, della texture, dell'illuminazione e di altre caratteristiche di una scena in un'immagine di visualizzazione","Information Science and Data Management "
"research data management","the systematic process of organising, describing, storing, sharing, protecting, and preserving data generated or used throughout the research lifecycle","letters","https://loterre.istex.fr/TSO/en/page/-GDCXNW8F-5 [adapted]","gestione dei dati della ricerca","il processo sistematico di organizzazione, descrizione, archiviazione, condivisione, protezione e conservazione dei dati generati o utilizzati durante l'intero ciclo di vita della ricerca","Information Science and Data Management "
"rural ruin","the remains of structures or buildings located in the countryside, often abandoned and partially collapsed, reflecting past rural life and land use
","letters","https://www.collinsdictionary.com/dictionary/english/ruin   [exact]","rovina rurale","i resti di strutture o edifici situati in campagna, spesso abbandonati e parzialmente crollati, che riflettono la vita rurale del passato e l'uso del suolo","Cultural Heritage"
"secondary dataset","data resulting from the interpretation of data initially produced by another researcher, available in journals, repositories, archives and other publications.","consultation","https://loterre.istex.fr/TSO/en/page/-D80R1KX4-5","dataset secondario","dati derivanti dall'interpretazione di dati inizialmente prodotti da un altro ricercatore, disponibili su riviste, repository, archivi e altre pubblicazioni.","Information Science and Data Management "
"server","a computer or software system that provides data, resources, or services to other computers (clients) over a network","consultation","https://en.wikipedia.org/wiki/Server_(computing)","server","un sistema informatico o software che fornisce dati, risorse o servizi ad altri computer (client) su una rete","Information Science and Data Management "
"service","a system that provides one or more functions of value to the end-user","consultation","https://vocabs.acdh.oeaw.ac.at/arche_category/en/page/service","servizio","un sistema che fornisce una o più funzioni di valore all'utente finale","Information Science and Data Management "
"spatialisation","the spatial forms that social activities and material things, phenomena or processes take on in geography, sociology, urban planning and cultural studies","consultation","https://en.wikipedia.org/wiki/Spatialization","spazializzazione","le forme spaziali che le attività sociali e le cose, i fenomeni o i processi materiali assumono in geografia, sociologia, urbanistica e studi culturali","Cultural Heritage"
"sustainability        ","a multifaceted principle that ensures the long-term viability and impact of an organisation or infrastructure","letters","Pollé, A., Vendrix, P., Czech, L., Petitcol, R., Gallini, C., Stadlinger, E., Steindl, C., Puhr, A., Marçal, E., Szatucsek, Z., Habibi Minelli, S., & Nowak, A. (2025). ECHOES Founding principles of the Cloud Governance (D10.1). Zenodo. https://doi.org/10.5281/zenodo.17599162","sostenibilità","un principio sfaccettato che garantisce la fattibilità e l'impatto a lungo termine di un'organizzazione o di un'infrastruttura","Cultural Heritage"
"standard","a set of established – sometimes also de facto – norms that serve as a reference for ensuring consistency, quality, and interoperability in processes, products, or organisational structures","consultation","Pollé, A., Vendrix, P., Czech, L., Petitcol, R., Gallini, C., Stadlinger, E., Steindl, C., Puhr, A., Marçal, E., Szatucsek, Z., Habibi Minelli, S., & Nowak, A. (2025). ECHOES Founding principles of the Cloud Governance (D10.1). Zenodo. https://doi.org/10.5281/zenodo.17599162","standard","un insieme di norme consolidate – a volte anche di fatto – che fungono da riferimento per garantire coerenza, qualità e interoperabilità nei processi, nei prodotti o nelle strutture organizzative","Cultural Heritage"
"technical storage","a mechanism to store, retrieve or update information that will persist beyond the scope of an activity","website","https://www.unified-am.com/UAM/UAM/guidances/termdefinitions/uam_technical_storage_7D711A8F.html  [adapted]","archiviazione tecnica","un meccanismo per archiviare, recuperare o aggiornare le informazioni che persisteranno oltre l'ambito di un'attività","Information Science and Data Management "
"topographical database","a structured collection of digital data that captures detailed geographic and spatial information about the Earth's surface and human-made structures  ","letters","https://www.maanmittauslaitos.fi/en/maps-and-spatial-data/datasets-and-interfaces/product-descriptions/topographic-database#:~:text=The%20key%20objects%20in%20the,in%20updating%20the%20Topographic%20database.    [adapted]","database topografico","una raccolta strutturata di dati digitali che acquisisce informazioni geografiche e spaziali dettagliate sulla superficie terrestre e sulle strutture create dall'uomo ","Information Science and Data Management "
"topographical heritage
","set of cultural, historical and symbolic values associated with the physical relief and landforms of a geographic area as modified or interpreted by human activity over time","letters","https://whc.unesco.org/ [adapted]","patrimonio topografico","insieme di valori culturali, storici e simbolici associati al rilievo fisico e alle morfologie di un'area geografica come modificate o interpretate dall'attività umana nel tempo","Cultural Heritage"
"UNESCO","UN specialised agency established in 1945 to contribute to peace and security by promoting collaboration among the nations through education, science and culture in order to further universal respect for justice, for the rule of law and for the human rights and fundamental freedoms which are affirmed for the peoples of the world, without distinction of race, sex, language or religion, by the Charter of the United Nations
","letters","https://iate.europa.eu/search/result/1743109280713/1 [exact]","UNESCO/Organizzazione delle Nazioni Unite per l'educazione, la scienza e la Cultural
       ","Agenzia specializzata delle Nazioni Unite istituita nel 1945 per contribuire alla pace e alla sicurezza promuovendo la collaborazione tra le nazioni attraverso l'istruzione, la scienza e la cultura al fine di promuovere il rispetto universale della giustizia, dello stato di diritto e dei diritti umani e delle libertà fondamentali che sono affermati per i popoli del mondo, senza distinzione di razza, sesso, lingua o religione, dalla Carta delle Nazioni Unite","Other topics of interest"
"urban heritage","heritage resources located in urban contexts, consisting of tangible and intangible heritage assets, which together express historically accumulated cultural, social and spatial values associated with urban communities","letters","https://whc.unesco.org/en/hul/ [adapted]","patrimonio urbano","risorse del patrimonio situate in contesti urbani, costituite da beni del patrimonio tangibile e intangibile, che insieme esprimono valori culturali, sociali e spaziali storicamente accumulati associati alle comunità urbane","Cultural Heritage"
"vertical application","software or application designed for use within a specific industry or domain, providing functions, workflows, and compliance mechanisms tailored to the professional practices and technical requirements of that sector ","WP5.3 course","Differences Between Horizontal and Vertical Applications - New Space Economy","integrazione verticale","software o applicazione progettati per l'uso all'interno di un settore o dominio specifico, che forniscono funzioni, flussi di lavoro e meccanismi di conformità su misura per le pratiche professionali e i requisiti tecnici di quel settore ","Cultural Heritage"
